habit_id,date,notes
h_0196173a-f742-711f-89c4-53ec26a271bc,2024-04-10,Focused execution
h_0196173a-f742-711f-89c4-53ec26a271bc,2024-04-11,Making it work
h_0196173a-f742-711f-89c4-53ec26a271bc,2024-04-12,Need more consistency
h_0196173a-f742-711f-89c4-53ec26a271bc,2024-04-13,Better than yesterday
h_0196173a-f742-711f-89c4-53ec26a271bc,2024-04-14,Strong effort
h_0196173a-f742-711f-89c4-53ec26a271bc,2024-04-15,Tax day success
h_0196173a-f742-711f-89c4-53ec26a271bc,2024-04-16,Getting stronger
h_0196173a-f742-711f-89c4-53ec26a271bc,2024-04-17,Maintained focus
h_0196173a-f742-711f-89c4-53ec26a271bc,2024-04-18,Steady progress
h_0196173a-f742-711f-89c4-53ec26a271bc,2024-04-19,Almost missed
h_0196173a-f742-711f-89c4-53ec26a271bc,2024-04-20,Good recovery
h_0196173a-f742-711f-89c4-53ec26a271bc,2024-04-21,Need improvement